Age Group,Income
Young Adult,70759.74203
Adult,70585.09035
Middle-Aged,113798.2649
Senior,115971.6849
